# organization:name	licence (SPDX; option used where dual)	licence texts (ids under third-party/texts)	copyright	url
org.scala-lang:scala3-library_3	Apache-2.0	Apache-2.0	EPFL and Lightbend, Inc.	https://www.scala-lang.org/
org.scala-lang:scala-library	Apache-2.0	Apache-2.0	EPFL and Lightbend, Inc.	https://www.scala-lang.org/
org.typelevel:cats-effect_3	Apache-2.0	Apache-2.0	Typelevel and cats-effect contributors	https://github.com/typelevel/cats-effect
org.typelevel:cats-effect-kernel_3	Apache-2.0	Apache-2.0	Typelevel and cats-effect contributors	https://github.com/typelevel/cats-effect
org.typelevel:cats-effect-std_3	Apache-2.0	Apache-2.0	Typelevel and cats-effect contributors	https://github.com/typelevel/cats-effect
org.typelevel:cats-mtl_3	Apache-2.0	Apache-2.0	Typelevel and cats-mtl contributors	https://typelevel.org/cats-mtl
org.typelevel:cats-core_3	MIT	MIT-cats	Cats Contributors	https://typelevel.org/cats
org.typelevel:cats-kernel_3	MIT	MIT-cats	Cats Contributors	https://typelevel.org/cats
org.typelevel:algebra_3	MIT	MIT-cats	Cats Contributors	https://typelevel.org/cats
org.typelevel:cats-collections-core_3	MIT AND BSD-3-Clause	MIT-cats-collections	Michael (stew) O'Connor; portions derived from Scalaz (see text)	https://typelevel.org/cats-collections
org.typelevel:literally_3	Apache-2.0	Apache-2.0	Typelevel and literally contributors	https://github.com/typelevel/literally
org.typelevel:idna4s-core_3	MIT	MIT-idna4s	Ross A. Baker	https://github.com/typelevel/idna4s
org.typelevel:jawn-parser_3	MIT	MIT-jawn	Erik Osheim and jawn contributors	https://github.com/typelevel/jawn
org.typelevel:log4cats-core_3	Apache-2.0	Apache-2.0	Typelevel and log4cats contributors	https://typelevel.org/log4cats
org.typelevel:log4cats-slf4j_3	Apache-2.0	Apache-2.0	Typelevel and log4cats contributors	https://typelevel.org/log4cats
co.fs2:fs2-core_3	MIT	MIT-fs2	Paul Chiusano, and respective contributors	https://typelevel.org/fs2
co.fs2:fs2-io_3	MIT	MIT-fs2	Paul Chiusano, and respective contributors	https://typelevel.org/fs2
com.comcast:ip4s-core_3	Apache-2.0	Apache-2.0,NOTICE-ip4s	Comcast Cable Communications Management, LLC	https://github.com/Comcast/ip4s
org.scodec:scodec-bits_3	BSD-3-Clause	BSD-3-Clause-scodec-bits	Michael Pilquist and Paul Chiusano	https://github.com/scodec/scodec-bits
io.circe:circe-core_3	Apache-2.0	Apache-2.0,NOTICE-circe	circe contributors	https://github.com/circe/circe
io.circe:circe-generic_3	Apache-2.0	Apache-2.0,NOTICE-circe	circe contributors	https://github.com/circe/circe
io.circe:circe-parser_3	Apache-2.0	Apache-2.0,NOTICE-circe	circe contributors	https://github.com/circe/circe
io.circe:circe-numbers_3	Apache-2.0	Apache-2.0,NOTICE-circe	circe contributors	https://github.com/circe/circe
io.circe:circe-jawn_3	Apache-2.0	Apache-2.0,NOTICE-circe	circe contributors	https://github.com/circe/circe
com.github.pureconfig:pureconfig-core_3	MPL-2.0	MPL-2.0	pureconfig contributors	https://github.com/pureconfig/pureconfig
com.typesafe:config	Apache-2.0	Apache-2.0	Lightbend, Inc.	https://github.com/lightbend/config
com.monovore:decline_3	Apache-2.0	Apache-2.0	Ben Kirwin and decline contributors	http://monovore.com/decline
com.monovore:decline-effect_3	Apache-2.0	Apache-2.0	Ben Kirwin and decline contributors	http://monovore.com/decline
org.slf4j:slf4j-api	MIT	MIT-slf4j	QOS.ch Sarl (Switzerland)	http://www.slf4j.org
ch.qos.logback:logback-classic	LGPL-2.1-only (used under this option of EPL-2.0 OR LGPL-2.1-only)	LGPL-2.1	QOS.ch Sarl (Switzerland)	http://logback.qos.ch
ch.qos.logback:logback-core	LGPL-2.1-only (used under this option of EPL-2.0 OR LGPL-2.1-only)	LGPL-2.1	QOS.ch Sarl (Switzerland)	http://logback.qos.ch
net.java.dev.jna:jna	Apache-2.0 (used under this option of Apache-2.0 OR LGPL-2.1-or-later)	Apache-2.0	Timothy Wall, Matthias Bläsing and JNA contributors	https://github.com/java-native-access/jna
net.java.dev.jna:jna-platform	Apache-2.0 (used under this option of Apache-2.0 OR LGPL-2.1-or-later)	Apache-2.0	Timothy Wall, Matthias Bläsing and JNA contributors	https://github.com/java-native-access/jna
org.commonmark:commonmark	BSD-2-Clause	BSD-2-Clause-commonmark	Atlassian Pty Ltd	https://github.com/commonmark/commonmark-java
org.commonmark:commonmark-ext-gfm-tables	BSD-2-Clause	BSD-2-Clause-commonmark	Atlassian Pty Ltd	https://github.com/commonmark/commonmark-java
org.commonmark:commonmark-ext-task-list-items	BSD-2-Clause	BSD-2-Clause-commonmark	Atlassian Pty Ltd	https://github.com/commonmark/commonmark-java
org.xhtmlrenderer:flying-saucer-core	LGPL-2.1-or-later	LGPL-2.1	Patrick Wright and Flying Saucer contributors	https://github.com/flyingsaucerproject/flyingsaucer
org.jline:jline-terminal	BSD-3-Clause	BSD-3-Clause-jline	the original JLine authors	https://github.com/jline/jline3
org.jline:jline-terminal-jni	BSD-3-Clause	BSD-3-Clause-jline	the original JLine authors	https://github.com/jline/jline3
org.jline:jline-native	BSD-3-Clause	BSD-3-Clause-jline	the original JLine authors	https://github.com/jline/jline3
com.ibm.icu:icu4j	Unicode-3.0	Unicode-3.0-icu4j	Unicode, Inc. and others	https://icu.unicode.org/
org.apache.pdfbox:fontbox	Apache-2.0	Apache-2.0, NOTICE-pdfbox	The Apache Software Foundation	https://pdfbox.apache.org/
org.apache.pdfbox:pdfbox	Apache-2.0	Apache-2.0, NOTICE-pdfbox	The Apache Software Foundation	https://pdfbox.apache.org/
org.apache.pdfbox:pdfbox-io	Apache-2.0	Apache-2.0, NOTICE-pdfbox	The Apache Software Foundation	https://pdfbox.apache.org/
commons-logging:commons-logging	Apache-2.0	Apache-2.0, NOTICE-commons-logging	The Apache Software Foundation	https://commons.apache.org/proper/commons-logging/
